Reservoir  Table Name,Feed name,Reservoir Column Name,Reservoir Data type,Feed column name,Data type,Primary Key,Nullable,Field Description,Tokenise Flag - PII(Y/N),Info Type,Data Class,PDBT,Sesnitive Columns,Drop(Specific to Data Fabric),Null(Specific to Data Fabric),csql.ro,csql.securedro,bq.deid_ro
physical_device,PHYSICAL_DEVICE,customer_id,"NUMERIC(9,0)",CUSTOMER_ID,"NUMBER(9,0)",Y,N,A mandatory field.  The identification of the customer to whom this physical device belongs,Y,Customer ID,CUSTOMER_ID,Customer ID - Individual Externally Identifiable,N,N,N,Y,Y,Y-Hash
,,subscriber_no,CHAR(11),SUBSCRIBER_NO,CHAR(11),Y,N,A mandatory field. The subscriber number to which the device is attached.,Y,MSISDN,MSISDN,MSISDN,N,N,N,Y,Y,Y-Hash
,,equipment_no,VARCHAR(15),EQUIPMENT_NO,VARCHAR2(15),Y,N,A mandatory field which contains the International Mobile Equipment Identifier (IMEI) in GSM or the ESN. ESNs contain 11 digits: the first four digits represent the model code and are the key to the Equipment Model table.,Y,,,,N,N,N,Y,Y,?
,,phy_seq_no,"NUMERIC(9,0)",PHY_SEQ_NO,"NUMBER(9,0)",Y,N,A mandatory field. The physical device sequence number.,N,,,,N,N,N,Y,Y,Y
,,sys_creation_date,TIMESTAMP,SYS_CREATION_DATE,DATE,N,N,The date time on which the particular row is created,N,,,,N,N,N,Y,Y,Y
,,sys_update_date,TIMESTAMP,SYS_UPDATE_DATE,DATE,N,Y,The date time on which the particular row is updated,N,,,,N,N,N,Y,Y,Y
,,operator_id,"NUMERIC(9,0)",OPERATOR_ID,"NUMBER(9,0)",N,Y,"Used to store UIN Details of the user, whom action of performing the flow led to creation/updation of row.",Y,EIN number,EIN_NUMBER,Employee ID (EIN),N,N,N,Y,Y,Y-Hash
,,application_id,CHAR(6),APPLICATION_ID,CHAR(6),N,Y,"Used to store the Channel ID/Application Code, via which Data is inserted/updated in the current row",N,,,,N,N,N,Y,Y,Y
,,dl_service_code,CHAR(5),DL_SERVICE_CODE,CHAR(5),N,Y,The Data Layer Code by which the record was inserted/updated,N,,,,N,N,N,Y,Y,Y
,,dl_update_stamp,"NUMERIC(4,0)",DL_UPDATE_STAMP,"NUMBER(4,0)",N,Y,Control Field which can be repurposed to be used for BAN Locking ,N,,,,N,N,N,Y,Y,Y
,,effective_date_time,TIMESTAMP,EFFECTIVE_DATE_TIME,DATE,N,Y,The date and time when the device was last changed.,N,,,,N,N,N,Y,Y,Y
,,expiration_date_time,TIMESTAMP,EXPIRATION_DATE_TIME,DATE,N,Y,"The date and time on which the record stops being effective. If the equipment is changed, a new record is created.  If the CTN is disconnected, no other record is created.",N,,,,N,N,N,Y,Y,Y
,,equipment_ind,CHAR(1),EQUIPMENT_IND,CHAR(1),N,Y,"The type of equipment that the record represents.possible values:E – ESN (a device connected to TACS)
I – IMEI
S – SIM
O – Other",N,,,,N,N,N,Y,Y,Y
,,ownership_code,CHAR(2),OWNERSHIP_CODE,CHAR(2),N,Y,The cellular unit ownership description which describes the ownership status of the device.,N,,,,N,N,N,Y,Y,Y
,,machine_serial_no,VARCHAR(16),MACHINE_SERIAL_NO,VARCHAR2(16),N,Y,The machine serial number of the device. ,N,,,,N,N,N,Y,Y,?
,,change_reason_code,CHAR(1),CHANGE_REASON_CODE,CHAR(1),N,Y,"The reason why device was changed.possible values:U – Upgrade 
C – Customer Request 
S – Stolen",N,,,,N,N,N,Y,Y,Y
,,change_equip_actv,CHAR(3),CHANGE_EQUIP_ACTV,CHAR(3),N,Y,The type of activity carried out while changing the equipment.,N,,,,N,N,N,Y,Y,Y
,,model_code,CHAR(8),MODEL_CODE,CHAR(8),N,Y,Model Code of device/equipment,N,,,,N,N,N,Y,Y,Y
,,lock_code,CHAR(4),LOCK_CODE,CHAR(4),N,Y,A customer can ask the network to lock his/her telephone number in the switch until a specific code is used by the customer. The lock code is defaulted to 1919 and the customer can change it.,N,,,,N,N,N,Y,Y,?
,,esn_pin,VARCHAR(16),ESN_PIN,VARCHAR2(16),N,Y,Electronic Serial No: used to identify a device which helps in tracking and managing each device in the network.We get this data from SAP,Y,,,,N,N,Y,Y,Y,?
,,conv_run_no,"NUMERIC(3,0)",CONV_RUN_NO,"NUMBER(3,0)",N,Y,The conversion run number for this entity,N,,,,N,N,N,Y,Y,Y
,,blacklist_password,VARCHAR(28),BLACKLIST_PASSWORD,VARCHAR2(28),N,Y,"The blacklist password, which is captured when a handset is reported for blacklisting. This password is required to remove a handset from the blacklist.",N,,,,Y,N,Y,N,N,Y
,,upgrade_amt,"NUMERIC(11,2)",UPGRADE_AMT,"NUMBER(11,2)",N,Y,The premium upgrade amount paid by the customer to upgrade to this equipment.,N,,,,N,N,N,Y,Y,Y
,,f_o_c_ind,CHAR(1),F_O_C_IND,CHAR(1),N,Y,"Indicates whether the equipment upgrade is free of charge.Y/N indicator. 
Can be Y only if Upgrade_Amt = 0",N,,,,N,N,N,Y,Y,Y
,,upgrade_type,CHAR(1),UPGRADE_TYPE,CHAR(1),N,Y,Type of upgrade,N,,,,N,N,N,Y,Y,Y
,,max_foc_code,VARCHAR(4),MAX_FOC_CODE,VARCHAR2(4),N,Y,"Free Of Charge Code, the value of which can be checked in FOC_CLASS table",N,,,,N,N,N,Y,Y,Y
,,retention_offer_id,"NUMERIC(9,0)",RETENTION_OFFER_ID,"NUMBER(9,0)",N,Y,The ID of the retention offer related to the device.,N,,,,N,N,N,Y,Y,Y
,,wrh_order_no,VARCHAR(10),WRH_ORDER_NO,VARCHAR2(10),N,Y,Holds the SAP order number for direct handset supply (Order).,N,,,,N,N,N,Y,Y,Y
,,dealer_code,CHAR(8),DEALER_CODE,CHAR(8),N,Y,Dealer who assigned the device to subscriber,N,,,,N,N,N,Y,Y,Y
,,chg_created_ind,CHAR(2),CHG_CREATED_IND,char(2),,,not in use,N,,,,N,N,,,,
,,dvc_unlock_chgdate,TIMESTAMP,DVC_UNLOCK_CHGDATE,DATE,N,Y,Device unlock charge creation date,N,,,,N,N,N,Y,Y,Y
,,hash_value,VARCHAR(50),,,,N,"Generated with combination of columns expect key, timestamp columns",N,,,,N,N,N,Y,Y,Y
,,src_deleted_flg,BOOLEAN,,,,N,The indicator flag utilized to mark records as physically deleted on the source system. 0 represents FALSE and 1 represents TRUE,N,,,,N,N,N,Y,Y,Y
,,gcp_insert_date,TIMESTAMP,,,,N,Date Timestamp when this row was inserted in GCP Reservoir Table (UTC),N,,,,N,N,N,Y,Y,Y
,,gcp_insert_user,VARCHAR(20),,,,N,The name of the user or system that inserted this row in the GCP Reservoir table. ABI_MS or ABI_INC_RECON or Data Flow,N,,,,N,N,N,Y,Y,Y
,,gcp_update_date,TIMESTAMP,,,,N,Date Timestamp when this row was last updated in GCP Reservoir Table (UTC),N,,,,N,N,N,Y,Y,Y
,,gcp_update_user,VARCHAR(20),,,,N,The name of the user or system that most recently updated this row in the GCP Reservoir table,N,,,,N,N,N,Y,Y,Y
,,,,,,,,,,,,,,,,,,
,,,,,,,,,,,,,,,,,,
,,,Primary Keys,,,,,,,,,,,,,,,
,,,Non-Business Keys,,,,,,,,,,,,,,,
