txn_id,txn_ts,amount,currency_code,ssn_raw,account_id,order_id
TXN1001,2026-08-20 08:15:00,250.75,USD,123-45-6789,ACC001,ORD5001
TXN1002,2026-08-20 09:02:11,89.99,USD,234-56-7890,ACC002,ORD5002
TXN1003,2026-08-20 09:45:30,-15.00,USD,345-67-8901,ACC003,ORD5003
TXN1004,2026-08-20 10:10:05,1200.00,EUR,456-78-9012,ACC004,ORD5004
,2026-08-20 10:30:45,75.50,USD,567-89-0123,ACC005,ORD5005
TXN1006,2026-08-20 11:05:00,42.10,,678-90-1234,ACC006,ORD5006
TXN1007,2026-08-20 11:47:22,310.25,USD,789-01-2345,ACC007,ORD5007
TXN1008,2026-08-20 12:12:12,-5.25,GBP,890-12-3456,ACC008,ORD5008
TXN1009,2026-08-20 13:00:00,999.99,USD,901-23-4567,ACC009,ORD5009
TXN1010,2026-08-20 13:33:33,150.00,USD,012-34-5678,ACC010,ORD5010
